date,course,race,axis,partners,ticket,hit,payout_per_100,x_post
20261004,東京,5,2,7-12-4-10,三連複 軸1頭流し6点（返還3点）,0,0,出した
20261004,東京,6,5,10-11-1-12,三連複 軸1頭流し6点,1,2230,出した
20261004,東京,7,10,8-11-13-5,三連複 軸1頭流し6点,1,6940,出した
20261004,東京,8,7,12-1-11-9,三連複 軸1頭流し6点,0,0,出した
20261004,東京,9,9,10-3-11-7,三連複 軸1頭流し6点,0,0,出した
20261004,東京,10,4,5-8-10-3,三連複 軸1頭流し6点,0,0,出した
20261004,京都,5,3,6-8-9-5,三連複 軸1頭流し6点,0,0,出した
20261004,京都,6,5,2-12-13-4,三連複 軸1頭流し6点,0,0,出した
20261004,京都,7,14,9-12-4-11,三連複 軸1頭流し6点,0,0,出した
20261004,京都,8,6,10-11-14-1,三連複 軸1頭流し6点,1,1650,出した
20261004,京都,9,18,14-8-3-7,三連複 軸1頭流し6点,0,0,出した
20261004,京都,10,14,8-5-12-7,三連複 軸1頭流し6点,0,0,出した
