recorded_at,date,course,race,race_name,post_time,umaban,horse,ticket,m1s,public,note
2026-10-10 10:16:04,20261010,京都,2,2歳未勝利,10:20,4,アヴレディール,単勝,0,1,
2026-10-10 12:21:34,20261010,東京,5,メイクデビュー東京,12:25,2,カーラベッリーナ,単勝,0,1,
2026-10-10 13:21:19,20261010,東京,7,3歳以上1勝クラス,13:25,6,クレマチス,単勝,1,1,
2026-10-10 14:31:04,20261010,東京,9,陣馬特別,14:35,6,キングズトゥルー,単勝,0,1,
2026-10-10 14:46:13,20261010,京都,10,宇治川特別,14:50,14,キングケープ,単勝,0,1,
2026-10-10 15:05:51,20261010,東京,10,JRA電話・インターネット発売50周年記念,15:10,2,ユウトザユウト,単勝,0,1,
2026-10-10 15:05:51,20261010,東京,10,JRA電話・インターネット発売50周年記念,15:10,14,ボクマダネムイヨ,単勝,0,1,
2026-10-10 15:26:15,20261010,京都,11,御陵ステークス,15:30,4,ショウサンジョージ,単勝,0,1,
2026-10-10 15:26:15,20261010,京都,11,御陵ステークス,15:30,10,ベルダイナフェロー,単勝,0,1,
2026-10-10 16:06:23,20261010,京都,12,3歳以上1勝クラス,16:10,7,ガビーズブラザー,単勝,1,1,
2026-10-11 10:16:07,20261011,京都,2,2歳未勝利,10:20,6,ハヤブサカツオー,単勝,1,1,
2026-10-11 10:31:07,20261011,東京,2,2歳未勝利,10:35,1,ノーブルグランツ,単勝,1,1,
2026-10-11 13:06:12,20261011,京都,7,3歳以上1勝クラス,13:10,10,マイリトルヒーロー,単勝,0,1,
