date,course,race,race_name,stage,public,mark1,mark1_horse,mark1_finish,mark2_finish,mark3_finish,win,tan_payout,ichigeki,pro_axis_finish,pro_hit,pro_payout,vs_winner,status,x_post_id
20261007,園田,1,C3三,5分前,0,7,シェナキング,3,1,4,0,0,0,,,,,成立,
20261007,笠松,1,C19組,5分前,0,7,ヴェネラブル,3,1,5,0,0,0,,,,,成立,
20261007,園田,2,C3二,5分前,0,5,タイイクスワリ,2,4,1,0,0,0,,,,,成立,
20261007,笠松,2,ヨネ・みーちゃんウェディング賞,5分前,0,8,イバラヒメ,3,5,2,0,0,0,,,,,成立,
20261007,園田,3,C3一,5分前,0,7,アースグレーザー,1,4,2,1,100,0,,,,,成立,
20261007,笠松,3,直喜の大本命!成美と結婚記念,5分前,0,5,センリョウヤクシャ,6,2,1,0,0,0,,,,,成立,
20261007,園田,4,靭(うつぼ)7ハロン,5分前,0,6,ベルディエス,1,2,4,1,140,0,,,,,成立,
20261007,笠松,4,令和8年熊本地震被災地支援レース,5分前,0,2,レジョンデロル,3,6,7,0,0,0,,,,,成立,
20261007,園田,5,本田(ほんでん)7ハロン,5分前,0,6,ペガサスウィンド,1,2,4,1,130,0,,,,,成立,
20261007,笠松,5,秋宵特別,5分前,0,6,ヒロノラファール,2,1,3,0,0,0,,,,,成立,
20261007,園田,6,C3,5分前,0,12,グレールール,1,7,3,1,190,0,,,,,成立,
20261007,笠松,6,C15組,5分前,0,5,オパールテソーロ,2,1,6,0,0,0,,,,,成立,
20261007,園田,7,C2三,5分前,0,9,ラクプエル,1,2,3,1,240,0,,,,,成立,
20261007,大井,1,3歳三 四,5分前,1,1,ムーンシェイド,3,1,2,0,0,0,,,,,成立,2107696341766082851
20261007,笠松,7,竜也くん・日和さん結婚記念,5分前,0,7,ベラジオファントム,1,3,2,1,110,0,,,,,成立,
20261007,門別,1,2歳 未勝利,5分前,0,3,アクタール,5,3,7,0,0,0,,,,,成立,
20261007,園田,8,C2二,5分前,0,4,スマートレイナ,5,3,2,0,0,0,,,,,成立,
20261007,大井,2,3歳三 四,5分前,1,2,ナックポピー,1,2,4,1,120,0,,,,,成立,2107705156947386439
20261007,笠松,8,B4組,5分前,0,8,プリュムドランジュ,8,2,6,0,0,0,,,,,成立,
20261007,門別,2,2歳牝馬 未勝利,5分前,0,7,ヌメロドス,11,3,1,0,0,0,,,,,成立,
20261007,園田,9,C2一,5分前,0,8,トシクン,3,1,5,0,0,0,,,,,成立,
20261007,大井,3,2歳五 六,5分前,1,6,セイシンドラゴン,3,5,7,0,0,0,,,,,成立,2107713968789963118
20261007,門別,3,2歳 未勝利,5分前,0,8,ブルームスター,2,3,4,0,0,0,,,,,成立,
20261007,笠松,9,B3組,5分前,0,5,キングオブワールド,8,1,2,0,0,0,,,,,成立,
20261007,園田,10,なにわの畜産ひろば特別,5分前,0,8,ジーティーピカソ,8,4,1,0,0,0,,,,,成立,
20261007,大井,4,2歳五 六,5分前,1,1,ハイラブクイーン,1,6,2,1,130,0,,,,,成立,2107722777885319474
20261007,門別,4,2歳 3組,5分前,0,10,レイアップスリー,2,1,6,0,0,0,,,,,成立,
20261007,笠松,10,秋涼特別,5分前,0,8,マルヨハルキ,5,2,8,0,0,0,,,,,成立,
20261007,園田,11,JRA交流 逆瀬川特別,5分前,0,9,バトゥカーダ,1,10,4,1,250,0,,,,,成立,
20261007,大井,5,C2十 十一,5分前,1,12,ライジングステップ,1,6,2,1,130,0,,,,,成立,2107731588431913094
20261007,門別,5,3歳以上,5分前,0,7,キタノハドソン,2,1,3,0,0,0,,,,,成立,
20261007,笠松,11,オータムカップ,5分前,0,6,エイシンレオ,2,4,3,0,0,0,,,,,成立,
20261007,園田,12,B1,5分前,0,3,ダイヤグラフ,3,4,1,0,0,0,,,,,成立,
20261007,門別,6,3歳以上,5分前,0,8,グラティアエ,8,5,3,0,0,0,,,,,成立,
20261007,大井,6,C2十 十一,5分前,1,2,ベルウッドモア,2,1,12,0,0,0,,,,,成立,2107740435208953918
20261007,門別,7,3歳以上,5分前,0,2,キタノローズ,1,4,3,1,250,0,,,,,成立,
20261007,大井,7,紫苑特別,5分前,1,3,ナンセイスコピオン,11,4,1,0,0,0,,,,,成立,2107749203627958701
20261007,門別,8,JRA認定ウィナーズチャレンジ7,5分前,0,3,デルピエロ,7,5,3,0,0,0,,,,,成立,
20261007,大井,8,メキシカン賞,5分前,1,3,バーナードハンサム,2,6,3,0,0,0,,,,,成立,2107758067119222811
20261007,門別,9,ヤマモミジ特別,5分前,0,6,アミラジオネ,8,1,3,0,0,0,,,,,成立,
20261007,大井,9,トゥインクルダートスター賞,5分前,1,2,ライペニング,1,9,2,1,230,0,,,,,成立,2107766861928780053
20261007,門別,10,グランシャリオドリーム69,5分前,0,5,ダイユウサルターレ,2,7,1,0,0,0,,,,,成立,
20261007,大井,10,スターダスト賞,5分前,1,9,イマーシブ,8,6,3,0,0,0,,,,,成立,2107776908301918446
20261007,大井,11,ジャパンダートクラシック(JpnI),5分前,1,15,イッテラッシャイ,16,1,2,0,0,0,16,0,0,引き分け,成立,2107788264942035182
20261007,門別,12,静内軽種馬生産振興会特別,5分前,0,4,ニシケンボブ,4,1,2,0,0,0,,,,,成立,
20261007,大井,12,日吉坂賞,5分前,1,13,フェアゴー,4,2,3,0,0,0,,,,,成立,2107799527692685805
20261007,園田,1,C3三,朝,1,7,シェナキング,3,4,1,0,0,0,,,,,成立,2107639309230829857
20261007,園田,2,C3二,朝,1,5,タイイクスワリ,2,4,,0,0,0,,,,,成立,2107639309230829857
20261007,園田,3,C3一,朝,1,7,アースグレーザー,1,8,9,1,100,0,,,,,成立,2107639309230829857
20261007,園田,4,靭(うつぼ)7ハロン,朝,1,2,シビックタルマイン,4,5,1,0,0,0,,,,,成立,2107639309230829857
20261007,園田,5,本田(ほんでん)7ハロン,朝,1,6,ペガサスウィンド,1,2,10,1,130,0,,,,,成立,2107639309230829857
20261007,園田,6,C3,朝,1,2,テイケイウェリナ,3,7,8,0,0,0,,,,,成立,2107639309230829857
20261007,園田,7,C2三,朝,1,2,エイシンヴィエント,5,4,7,0,0,0,,,,,成立,2107639309230829857
20261007,園田,8,C2二,朝,1,2,アスコットダンス,1,5,8,1,530,0,,,,,成立,2107639309230829857
20261007,園田,9,C2一,朝,1,2,クリノエニシ,4,1,5,0,0,0,,,,,成立,2107639309230829857
20261007,園田,10,なにわの畜産ひろば特別,朝,1,2,エナアスコット,7,11,2,0,0,0,,,,,成立,2107639309230829857
20261007,園田,11,JRA交流 逆瀬川特別,朝,1,8,レイアンドダンス,6,10,4,0,0,0,,,,,成立,2107639309230829857
20261007,園田,12,B1,朝,1,2,ナムラオリビア,12,4,11,0,0,0,,,,,成立,2107639309230829857
20261007,笠松,1,C19組,朝,1,7,ヴェネラブル,3,1,5,0,0,0,,,,,成立,2107640561381605772
20261007,笠松,2,ヨネ・みーちゃんウェディング賞,朝,1,2,ポルタシャーンス,2,5,1,0,0,0,,,,,成立,2107640561381605772
20261007,笠松,3,直喜の大本命!成美と結婚記念,朝,1,5,センリョウヤクシャ,6,1,3,0,0,0,,,,,成立,2107640561381605772
20261007,笠松,4,令和8年熊本地震被災地支援レース,朝,1,5,レーヴドクロンヌ,4,9,7,0,0,0,,,,,成立,2107640561381605772
20261007,笠松,5,秋宵特別,朝,1,7,ロンリープラネット,6,5,1,0,0,0,,,,,成立,2107640561381605772
20261007,笠松,6,C15組,朝,1,9,ペティトール,7,2,8,0,0,0,,,,,成立,2107640561381605772
20261007,笠松,7,竜也くん・日和さん結婚記念,朝,1,5,ヤマニンエイドロン,5,1,3,0,0,0,,,,,成立,2107640561381605772
20261007,笠松,8,B4組,朝,1,1,セルクルクルミ,7,2,5,0,0,0,,,,,成立,2107640561381605772
20261007,笠松,9,B3組,朝,1,7,アバンチュリエ,7,8,4,0,0,0,,,,,成立,2107640561381605772
20261007,笠松,10,秋涼特別,朝,1,5,ヴィントミューレ,1,8,2,1,680,0,,,,,成立,2107640561381605772
20261007,笠松,11,オータムカップ,朝,1,7,ジグラート,5,2,7,0,0,0,,,,,成立,2107640561381605772
20261007,門別,1,2歳 未勝利,朝,1,3,アクタール,5,2,3,0,0,0,,,,,成立,2107686185938407844
20261007,門別,2,2歳牝馬 未勝利,朝,1,2,アニマジェミナ,3,6,1,0,0,0,,,,,成立,2107686185938407844
20261007,門別,3,2歳 未勝利,朝,1,8,ブルームスター,2,6,5,0,0,0,,,,,成立,2107686185938407844
20261007,門別,4,2歳 3組,朝,1,2,ピーヴイビクトリア,1,8,2,1,260,0,,,,,成立,2107686185938407844
20261007,門別,5,3歳以上,朝,1,7,キタノハドソン,2,1,3,0,0,0,,,,,成立,2107686185938407844
20261007,門別,6,3歳以上,朝,1,5,ユナホークパワー,11,8,5,0,0,0,,,,,成立,2107686185938407844
20261007,門別,7,3歳以上,朝,1,2,キタノローズ,1,5,4,1,250,0,,,,,成立,2107686185938407844
20261007,門別,8,JRA認定ウィナーズチャレンジ7,朝,1,4,ナーランガ,9,7,5,0,0,0,,,,,成立,2107686185938407844
20261007,門別,9,ヤマモミジ特別,朝,1,4,クロノライデン,7,1,4,0,0,0,,,,,成立,2107686185938407844
20261007,門別,10,グランシャリオドリーム69,朝,1,7,ソフィアプルーマ,7,3,2,0,0,0,,,,,成立,2107686185938407844
20261007,門別,11,ナナカマド特別,朝,1,8,タイセイスライブ,6,9,2,0,0,0,,,,,成立,2107686185938407844
20261007,門別,12,静内軽種馬生産振興会特別,朝,1,3,ブレイブアモーレ,2,3,4,0,0,0,,,,,成立,2107686185938407844
20261008,笠松,9,富有柿特別,朝,1,7,アルレーヴ,1,6,2,1,1930,1,,,,,成立,2108002457922256960
20261008,大井,3,2歳三 四,5分前,1,6,タルガフローリオ,1,4,2,1,120,0,,,,,成立,2108082681213014180
20261008,大井,4,2歳三 四,5分前,1,3,ラインホープ,1,5,7,1,120,0,,,,,成立,2108090790337753529
