recorded_at,date,course,race,race_name,post_time,stage,mark1,mark1_horse,mark2,mark2_horse,mark3,mark3_horse,board_at,public,pro_axis,pro_partners,note
2026-10-07 10:08:51,20261007,園田,1,C3三,10:40,朝,7,シェナキング,2,ワキノフラッシュ,6,フィーユチャン,10:08:25,1,,,
2026-10-07 10:08:51,20261007,園田,2,C3二,11:10,朝,5,タイイクスワリ,8,プライムテーラー,,,10:08:25,1,,,
2026-10-07 10:08:51,20261007,園田,3,C3一,11:40,朝,7,アースグレーザー,3,フェスティーヴォ,4,ミラクルサーダ,10:08:25,1,,,
2026-10-07 10:08:51,20261007,園田,4,靭(うつぼ)7ハロン,12:10,朝,2,シビックタルマイン,8,シャオウーイン,6,ベルディエス,10:08:25,1,,,
2026-10-07 10:08:51,20261007,園田,5,本田(ほんでん)7ハロン,12:45,朝,6,ペガサスウィンド,2,アラン,7,サチノメグミ,10:08:25,1,,,
2026-10-07 10:08:51,20261007,園田,6,C3,13:20,朝,2,テイケイウェリナ,4,ブリスディーシャ,7,ノブノキャット,10:08:25,1,,,
2026-10-07 10:08:51,20261007,園田,7,C2三,13:50,朝,2,エイシンヴィエント,4,アンフィニレイス,7,エピックデイ,10:08:25,1,,,
2026-10-07 10:08:51,20261007,園田,8,C2二,14:20,朝,2,アスコットダンス,4,スマートレイナ,7,ヤマカンドリーミン,10:08:25,1,,,
2026-10-07 10:08:51,20261007,園田,9,C2一,14:55,朝,2,クリノエニシ,7,グレンセロース,4,フィオリータ,10:08:25,1,,,
2026-10-07 10:08:51,20261007,園田,10,なにわの畜産ひろば特別,15:30,朝,2,エナアスコット,4,フィオーレクラウド,7,エルナンデス,10:08:25,1,,,
2026-10-07 10:08:51,20261007,園田,11,JRA交流 逆瀬川特別,16:05,朝,8,レイアンドダンス,2,ジャスパーノベル,5,キャンドルマス,10:08:25,1,,,
2026-10-07 10:08:51,20261007,園田,12,B1,16:40,朝,2,ナムラオリビア,7,アグネスシュウ,4,ビヨンドザシーン,10:08:25,1,,,
