recorded_at,crop,debut_date,course,race,umaban,horse,sire,club,day_rank,day_n,race_rank,race_n,grade,pog_pick
2026-10-09 19:05:58,2024,20261010,京都,5,8,キューティボンド,サートゥルナーリア,,1,67,1,14,S,1
2026-10-09 19:05:58,2024,20261010,東京,5,10,アスクゴクジョウ,キズナ,,2,67,1,12,S,0
2026-10-09 19:05:58,2024,20261010,京都,5,6,ドンクラッシュ,インディチャンプ,,3,67,2,14,S,0
2026-10-09 19:05:58,2024,20261010,東京,6,13,ランギヌイ,ロードカナロア,サンデーレーシング,4,67,1,14,S,0
2026-10-09 19:05:58,2024,20261010,東京,6,9,ブレイクソロ,コントレイル,,5,67,2,14,S,0
2026-10-09 19:05:58,2024,20261010,京都,6,4,カンソウシタイナ,Charlatan,,6,67,1,11,S,0
2026-10-09 19:05:58,2024,20261010,東京,4,6,ジャムセッション,ヘニーヒューズ,,7,67,1,16,S,0
2026-10-09 19:05:58,2024,20261010,東京,5,1,サトノカグラ,サートゥルナーリア,,8,67,2,12,A,0
2026-10-09 19:05:58,2024,20261010,京都,6,9,ライフイズアソング,Life Is Good,,9,67,2,11,A,0
2026-10-09 19:05:58,2024,20261010,東京,4,4,エコロヴォルグ,Roadster,,10,67,2,16,A,0
2026-10-09 19:05:58,2024,20261010,京都,6,7,ロマノフ,Jack Christopher,ノルマンディーサラブレッドレーシング,11,67,3,11,A,0
2026-10-09 19:05:58,2024,20261010,京都,6,3,メイショウソウハ,シャンハイボビー,,12,67,4,11,A,0
2026-10-09 19:05:58,2024,20261010,東京,6,8,フェロックス,アドマイヤマーズ,,13,67,3,14,A,0
2026-10-09 19:05:58,2024,20261010,東京,4,2,ポッドトリガー,リアルスティール,,14,67,3,16,A,0
2026-10-09 19:05:58,2024,20261010,東京,5,2,カーラベッリーナ,サートゥルナーリア,社台レースホース,15,67,3,12,A,0
2026-10-09 19:05:58,2024,20261010,東京,4,12,コペルニクス,グレーターロンドン,,16,67,4,16,A,0
2026-10-09 19:05:58,2024,20261010,京都,5,2,ハニーベル,キタサンブラック,,17,67,3,14,A,0
2026-10-09 19:05:58,2024,20261010,東京,4,16,ヴァーヴヴァーヴ,Olympiad,,18,67,5,16,A,0
2026-10-09 19:05:58,2024,20261010,京都,5,4,アイデア,ブリックスアンドモルタル,,19,67,4,14,A,0
2026-10-09 19:05:58,2024,20261010,東京,6,7,カゼノロマン,McKinzie,,20,67,4,14,A,0
2026-10-09 19:05:58,2024,20261010,京都,5,1,サラサランラン,Charlatan,,21,67,5,14,A,0
2026-10-09 19:05:58,2024,20261010,東京,5,4,スノーヴァ,スワーヴリチャード,,22,67,4,12,B,0
2026-10-09 19:05:58,2024,20261010,京都,6,11,カムトゥルー,マクフィ,,23,67,5,11,B,0
2026-10-09 19:05:58,2024,20261010,京都,5,11,マリアーナ,コントレイル,ヒダカ・ブリーダーズ・ユニオン,24,67,6,14,B,0
2026-10-09 19:05:58,2024,20261010,東京,6,12,キャンディリヒト,ロードカナロア,ロードホースクラブ,25,67,5,14,B,0
2026-10-09 19:05:58,2024,20261010,京都,6,2,シムサラビン,ウィルテイクチャージ,,26,67,6,11,B,0
2026-10-09 19:05:58,2024,20261010,京都,6,6,スカイランデヴー,マテラスカイ,ターフ・スポート,27,67,7,11,B,0
2026-10-09 19:05:58,2024,20261010,京都,6,1,マイスターシューズ,モーニン,,28,67,8,11,B,0
2026-10-09 19:05:58,2024,20261010,東京,4,11,ツイストリフト,Improbable,,29,67,6,16,B,0
2026-10-09 19:05:58,2024,20261010,東京,6,10,ポートマンロード,ステルヴィオ,,30,67,6,14,B,0
2026-10-09 19:05:58,2024,20261010,東京,5,7,ルナトレイル,コントレイル,ローレルレーシング,31,67,5,12,B,0
2026-10-09 19:05:58,2024,20261010,東京,4,7,タマモチーキー,ルヴァンスレーヴ,,32,67,7,16,B,0
2026-10-09 19:05:58,2024,20261010,東京,4,8,ジェラシックパーク,オメガパフューム,,33,67,8,16,B,0
2026-10-09 19:05:58,2024,20261010,京都,6,8,メイショウビジュー,ステルヴィオ,,34,67,9,11,B,0
2026-10-09 19:05:58,2024,20261010,京都,6,5,ヴァルクシェル,ニューイヤーズデイ,,35,67,10,11,B,0
2026-10-09 19:05:58,2024,20261010,京都,5,9,モズモーク,モズアスコット,,36,67,7,14,B,0
2026-10-09 19:05:58,2024,20261010,東京,5,3,ゲームアビリティー,キズナ,,37,67,6,12,B,0
2026-10-09 19:05:58,2024,20261010,東京,4,15,カラメーロ,サンライズノヴァ,,38,67,9,16,B,0
2026-10-09 19:05:58,2024,20261010,東京,4,9,フィルモアイースト,ナダル,,39,67,10,16,B,0
2026-10-09 19:05:58,2024,20261010,東京,4,13,ヴァルガルデーナ,フィエールマン,ディアレストクラブ,40,67,11,16,B,0
2026-10-09 19:05:58,2024,20261010,京都,5,14,ジョワイエトワール,ホットロッドチャーリー,,41,67,8,14,B,0
2026-10-09 19:05:58,2024,20261010,東京,6,3,セラフィムコード,サトノクラウン,,42,67,7,14,C,0
2026-10-09 19:05:58,2024,20261010,東京,5,6,リカジョンファンク,サトノダイヤモンド,,43,67,7,12,C,0
2026-10-09 19:05:58,2024,20261010,東京,4,3,トーアレオン,カレンブラックヒル,,44,67,12,16,C,0
2026-10-09 19:05:58,2024,20261010,東京,6,14,キセキノアスク,ロードカナロア,,45,67,8,14,C,0
2026-10-09 19:05:58,2024,20261010,東京,6,4,ナムラマシュー,タワーオブロンドン,,46,67,9,14,C,0
2026-10-09 19:05:58,2024,20261010,東京,5,11,リュウゴリーベ,リアルスティール,,47,67,8,12,C,0
2026-10-09 19:05:58,2024,20261010,東京,6,2,メノルカ,ミラアイトーン,,48,67,10,14,C,0
2026-10-09 19:05:58,2024,20261010,京都,5,7,トゥルーライフ,シスキン,,49,67,9,14,C,0
2026-10-09 19:05:58,2024,20261010,京都,5,3,クインズアンジェロ,サトノダイヤモンド,,50,67,10,14,C,0
2026-10-09 19:05:58,2024,20261010,京都,5,13,ワールドプラージュ,レイデオロ,,51,67,11,14,C,0
2026-10-09 19:05:58,2024,20261010,京都,5,12,ドマ,アルアイン,,52,67,12,14,C,0
2026-10-09 19:05:58,2024,20261010,東京,6,6,ルーチェカーロ,ドレフォン,,53,67,11,14,C,0
2026-10-09 19:05:58,2024,20261010,東京,6,5,レイロウレンズ,ダノンプレミアム,,54,67,12,14,C,0
2026-10-09 19:05:58,2024,20261010,東京,5,12,チャリンコリン,オジュウチョウサン,,55,67,9,12,C,0
2026-10-09 19:05:58,2024,20261010,京都,5,5,ハクサンゲント,シルポート,,56,67,13,14,C,0
2026-10-09 19:05:58,2024,20261010,東京,4,5,クールランナー,ホットロッドチャーリー,,57,67,13,16,C,0
2026-10-09 19:05:58,2024,20261010,東京,4,10,ドナラクシュミー,ウィルテイクチャージ,,58,67,14,16,C,0
2026-10-09 19:05:58,2024,20261010,東京,6,1,クラウンスティーズ,クラウンレガーロ,,59,67,13,14,C,0
2026-10-09 19:05:58,2024,20261010,東京,5,5,ルミエールノット,レイデオロ,,60,67,10,12,C,0
2026-10-09 19:05:58,2024,20261010,東京,5,8,アラヤシキ,ウインブライト,,61,67,11,12,C,0
2026-10-09 19:05:58,2024,20261010,京都,5,10,テンカ,アメリカンペイトリオット,,62,67,14,14,C,0
2026-10-09 19:05:58,2024,20261010,東京,5,9,チリチョウズ,ベンバトル,,63,67,12,12,C,0
2026-10-09 19:05:58,2024,20261010,東京,6,11,ジーティーストーム,ビーチパトロール,,64,67,14,14,C,0
2026-10-09 19:05:58,2024,20261010,東京,4,14,ファイティングボス,タニノフランケル,,65,67,15,16,C,0
2026-10-09 19:05:58,2024,20261010,京都,6,10,ワンダリングスター,サトノクラウン,,66,67,11,11,C,0
2026-10-09 19:05:58,2024,20261010,東京,4,1,プルメリアビーチ,サンダースノー,,67,67,16,16,C,0
