date,kind,key,x_post_id,x_posted_at,chars,images
20261005,傾向,trend|20261010|東京|11,2107063744119652497,2026-10-05 20:01:58,245,1
20261009,新馬,shinba|20261010,2108499252607656263,2026-10-09 19:06:10,254,2
20261010,重賞の朝,morning|東京|11,2108724770363842867,2026-10-10 10:02:18,195,0
20261010,予想,pick|京都|2,2108728320934424727,2026-10-10 10:16:24,254,1
20261010,予想,pick|東京|5,2108759856354374144,2026-10-10 12:21:43,242,1
20261010,予想,pick|東京|7,2108774887792029706,2026-10-10 13:21:27,235,1
20261010,予想,pick|東京|9,2108792437649150041,2026-10-10 14:31:11,221,1
20261010,予想,pick|京都|10,2108796247394103408,2026-10-10 14:46:19,218,1
20261010,予想,pick|東京|10,2108801190079447456,2026-10-10 15:05:58,243,1
20261010,予想,pick|京都|11,2108806323257352223,2026-10-10 15:26:21,271,1
20261010,最終,final|京都|12,2108809783876911127,2026-10-10 15:40:06,216,1
20261010,重賞,pick|東京|11,2108810060680073602,2026-10-10 15:41:12,191,1
20261010,最終,final|東京|12,2108814818908246460,2026-10-10 16:00:07,252,1
20261010,予想,pick|京都|12,2108816417927929925,2026-10-10 16:06:28,243,1
20261010,新馬,shinba|20261011,2108861656185065813,2026-10-10 19:06:14,271,2
